{
  "schema_version": 1,
  "description": "Aggregated data-plane metrics only (no raw examples). Committed alongside MEASURED_FINDINGS.md.",
  "created_at": "2026-03-22T15:13:20.824831+00:00",
  "export": {
    "recipe_id": "default-v0",
    "git_commit_at_export": "d160bee672e5ff4cd4cd8d1ff209e39d3b3cc8b9",
    "sft_jsonl": "artifacts/data/sft.jsonl",
    "dpo_jsonl": "artifacts/data/dpo.jsonl",
    "sft_rows": 2000,
    "dpo_rows": 2000
  },
  "sft": {
    "rows": 2000,
    "output_char_len": {
      "p50": 155.0,
      "p90": 590.0,
      "p95": 735.0999999999999,
      "p99": 1168.02,
      "mean": 254.973
    },
    "total_char_len": {
      "p50": 255.5,
      "p90": 665.0,
      "p95": 814.05,
      "p99": 1274.04,
      "mean": 335.5625
    },
    "approx_duplicate_fraction_sha256_norm_text": 0.0,
    "approx_unique_norm_hashes": 2000,
    "output_trigram_repetition_mean": 0.018387549356841074
  },
  "dpo": {
    "rows": 2000,
    "chosen_char_len": {
      "p50": 976.5,
      "p90": 2924.0,
      "p95": 3499.0,
      "p99": 4130.1,
      "mean": 1279.5995
    },
    "rejected_char_len": {
      "p50": 810.0,
      "p90": 2687.2000000000003,
      "p95": 3226.25,
      "p99": 4142.32,
      "mean": 1131.917
    },
    "len_diff_chosen_minus_rejected": {
      "p50": 58.5,
      "p90": 1280.3000000000004,
      "p95": 1709.1499999999999,
      "p99": 2705.25,
      "mean": 147.6825
    },
    "fraction_chosen_longer_than_rejected": 0.556,
    "fraction_shared_prefix_all_chars_of_shorter": 0.0075,
    "approx_duplicate_fraction_sha256_norm_text": 0.0,
    "approx_unique_norm_hashes": 2000
  }
}
